{
	"info": {
		"_postman_id": "jastip-api-collection",
		"name": "Jastip API - Complete Testing",
		"description": "Complete API testing collection for Jastip application with RajaOngkir integration",
		"schema": "https://schema.getpostman.com/json/collection/v2.1.0/collection.json"
	},
	"item": [
		{
			"name": "1. Authentication",
			"item": [
				{
					"name": "Register Customer",
					"request": {
						"method": "POST",
						"header": [
							{
								"key": "Content-Type",
								"value": "application/json",
								"type": "text"
							},
							{
								"key": "Accept",
								"value": "application/json",
								"type": "text"
							}
						],
						"body": {
							"mode": "raw",
							"raw": "{\n    \"name\": \"John Customer\",\n    \"email\": \"customer@example.com\",\n    \"password\": \"password123\",\n    \"password_confirmation\": \"password123\",\n    \"phone\": \"081234567890\",\n    \"address\": \"Jl. Customer No. 1, Makassar\",\n    \"role\": \"customer\"\n}"
						},
						"url": {
							"raw": "{{base_url}}/api/register",
							"host": [
								"{{base_url}}"
							],
							"path": [
								"api",
								"register"
							]
						}
					},
					"response": []
				},
				{
					"name": "Register Courier",
					"request": {
						"method": "POST",
						"header": [
							{
								"key": "Content-Type",
								"value": "application/json",
								"type": "text"
							},
							{
								"key": "Accept",
								"value": "application/json",
								"type": "text"
							}
						],
						"body": {
							"mode": "raw",
							"raw": "{\n    \"name\": \"Mike Courier\",\n    \"email\": \"courier@example.com\",\n    \"password\": \"password123\",\n    \"password_confirmation\": \"password123\",\n    \"phone\": \"081234567891\",\n    \"address\": \"Jl. Courier No. 1, Makassar\",\n    \"role\": \"courier\"\n}"
						},
						"url": {
							"raw": "{{base_url}}/api/register",
							"host": [
								"{{base_url}}"
							],
							"path": [
								"api",
								"register"
							]
						}
					},
					"response": []
				},
				{
					"name": "Login Customer",
					"event": [
						{
							"listen": "test",
							"script": {
								"exec": [
									"if (pm.response.code === 200) {",
									"    const response = pm.response.json();",
									"    if (response.data && response.data.token) {",
									"        pm.environment.set('customer_token', response.data.token);",
									"        pm.environment.set('customer_id', response.data.user.id);",
									"    }",
									"}"
								],
								"type": "text/javascript"
							}
						}
					],
					"request": {
						"method": "POST",
						"header": [
							{
								"key": "Content-Type",
								"value": "application/json",
								"type": "text"
							},
							{
								"key": "Accept",
								"value": "application/json",
								"type": "text"
							}
						],
						"body": {
							"mode": "raw",
							"raw": "{\n    \"email\": \"customer@example.com\",\n    \"password\": \"password123\"\n}"
						},
						"url": {
							"raw": "{{base_url}}/api/login",
							"host": [
								"{{base_url}}"
							],
							"path": [
								"api",
								"login"
							]
						}
					},
					"response": []
				},
				{
					"name": "Login Courier",
					"event": [
						{
							"listen": "test",
							"script": {
								"exec": [
									"if (pm.response.code === 200) {",
									"    const response = pm.response.json();",
									"    if (response.data && response.data.token) {",
									"        pm.environment.set('courier_token', response.data.token);",
									"        pm.environment.set('courier_id', response.data.user.id);",
									"    }",
									"}"
								],
								"type": "text/javascript"
							}
						}
					],
					"request": {
						"method": "POST",
						"header": [
							{
								"key": "Content-Type",
								"value": "application/json",
								"type": "text"
							},
							{
								"key": "Accept",
								"value": "application/json",
								"type": "text"
							}
						],
						"body": {
							"mode": "raw",
							"raw": "{\n    \"email\": \"courier@example.com\",\n    \"password\": \"password123\"\n}"
						},
						"url": {
							"raw": "{{base_url}}/api/login",
							"host": [
								"{{base_url}}"
							],
							"path": [
								"api",
								"login"
							]
						}
					},
					"response": []
				},
				{
					"name": "Login Admin",
					"event": [
						{
							"listen": "test",
							"script": {
								"exec": [
									"if (pm.response.code === 200) {",
									"    const response = pm.response.json();",
									"    if (response.data && response.data.token) {",
									"        pm.environment.set('admin_token', response.data.token);",
									"        pm.environment.set('admin_id', response.data.user.id);",
									"    }",
									"}"
								],
								"type": "text/javascript"
							}
						}
					],
					"request": {
						"method": "POST",
						"header": [
							{
								"key": "Content-Type",
								"value": "application/json",
								"type": "text"
							},
							{
								"key": "Accept",
								"value": "application/json",
								"type": "text"
							}
						],
						"body": {
							"mode": "raw",
							"raw": "{\n    \"email\": \"admin@jastip.com\",\n    \"password\": \"admin123\"\n}"
						},
						"url": {
							"raw": "{{base_url}}/api/login",
							"host": [
								"{{base_url}}"
							],
							"path": [
								"api",
								"login"
							]
						}
					},
					"response": []
				}
			]
		},
		{
			"name": "2. RajaOngkir Integration",
			"item": [
				{
					"name": "Get Provinces (Filtered)",
					"request": {
						"method": "GET",
						"header": [
							{
								"key": "Accept",
								"value": "application/json",
								"type": "text"
							}
						],
						"url": {
							"raw": "{{base_url}}/api/provinces",
							"host": [
								"{{base_url}}"
							],
							"path": [
								"api",
								"provinces"
							]
						}
					},
					"response": []
				},
				{
					"name": "Get Cities by Province",
					"request": {
						"method": "GET",
						"header": [
							{
								"key": "Accept",
								"value": "application/json",
								"type": "text"
							}
						],
						"url": {
							"raw": "{{base_url}}/api/cities?province=28",
							"host": [
								"{{base_url}}"
							],
							"path": [
								"api",
								"cities"
							],
							"query": [
								{
									"key": "province",
									"value": "28"
								}
							]
						}
					},
					"response": []
				},
				{
					"name": "Search Destinations - Makassar",
					"request": {
						"method": "GET",
						"header": [
							{
								"key": "Accept",
								"value": "application/json",
								"type": "text"
							}
						],
						"url": {
							"raw": "{{base_url}}/api/search-destinations?search=makassar&limit=5",
							"host": [
								"{{base_url}}"
							],
							"path": [
								"api",
								"search-destinations"
							],
							"query": [
								{
									"key": "search",
									"value": "makassar"
								},
								{
									"key": "limit",
									"value": "5"
								}
							]
						}
					},
					"response": []
				},
				{
					"name": "Search Destinations - Manokwari",
					"request": {
						"method": "GET",
						"header": [
							{
								"key": "Accept",
								"value": "application/json",
								"type": "text"
							}
						],
						"url": {
							"raw": "{{base_url}}/api/search-destinations?search=manokwari&limit=5",
							"host": [
								"{{base_url}}"
							],
							"path": [
								"api",
								"search-destinations"
							],
							"query": [
								{
									"key": "search",
									"value": "manokwari"
								},
								{
									"key": "limit",
									"value": "5"
								}
							]
						}
					},
					"response": []
				},
				{
					"name": "Get Available Couriers",
					"request": {
						"method": "GET",
						"header": [
							{
								"key": "Accept",
								"value": "application/json",
								"type": "text"
							}
						],
						"url": {
							"raw": "{{base_url}}/api/couriers",
							"host": [
								"{{base_url}}"
							],
							"path": [
								"api",
								"couriers"
							]
						}
					},
					"response": []
				},
				{
					"name": "Calculate Shipping Cost - JNE",
					"request": {
						"method": "POST",
						"header": [
							{
								"key": "Content-Type",
								"value": "application/json",
								"type": "text"
							},
							{
								"key": "Accept",
								"value": "application/json",
								"type": "text"
							}
						],
						"body": {
							"mode": "raw",
							"raw": "{\n    \"origin\": 444,\n    \"destination\": 151,\n    \"weight\": 1.5,\n    \"courier\": \"jne\"\n}"
						},
						"url": {
							"raw": "{{base_url}}/api/calculate-shipping",
							"host": [
								"{{base_url}}"
							],
							"path": [
								"api",
								"calculate-shipping"
							]
						}
					},
					"response": []
				},
				{
					"name": "Calculate Shipping Cost - TIKI",
					"request": {
						"method": "POST",
						"header": [
							{
								"key": "Content-Type",
								"value": "application/json",
								"type": "text"
							},
							{
								"key": "Accept",
								"value": "application/json",
								"type": "text"
							}
						],
						"body": {
							"mode": "raw",
							"raw": "{\n    \"origin\": 444,\n    \"destination\": 151,\n    \"weight\": 2.0,\n    \"courier\": \"tiki\"\n}"
						},
						"url": {
							"raw": "{{base_url}}/api/calculate-shipping",
							"host": [
								"{{base_url}}"
							],
							"path": [
								"api",
								"calculate-shipping"
							]
						}
					},
					"response": []
				},
				{
					"name": "Get Cached Destinations",
					"request": {
						"method": "GET",
						"header": [
							{
								"key": "Accept",
								"value": "application/json",
								"type": "text"
							}
						],
						"url": {
							"raw": "{{base_url}}/api/cached-destinations",
							"host": [
								"{{base_url}}"
							],
							"path": [
								"api",
								"cached-destinations"
							]
						}
					},
					"response": []
				}
			]
		},
		{
			"name": "3. Order Management",
			"item": [
				{
					"name": "Create Order - Manual Method",
					"event": [
						{
							"listen": "test",
							"script": {
								"exec": [
									"if (pm.response.code === 201) {",
									"    const response = pm.response.json();",
									"    if (response.data && response.data.id) {",
									"        pm.environment.set('manual_order_id', response.data.id);",
									"        pm.environment.set('manual_order_number', response.data.order_number);",
									"    }",
									"}"
								],
								"type": "text/javascript"
							}
						}
					],
					"request": {
						"method": "POST",
						"header": [
							{
								"key": "Authorization",
								"value": "Bearer {{customer_token}}",
								"type": "text"
							},
							{
								"key": "Content-Type",
								"value": "application/json",
								"type": "text"
							},
							{
								"key": "Accept",
								"value": "application/json",
								"type": "text"
							}
						],
						"body": {
							"mode": "raw",
							"raw": "{\n    \"item_description\": \"Laptop Gaming ASUS ROG\",\n    \"item_weight\": 2.5,\n    \"item_price\": 15000000,\n    \"service_fee\": 50000,\n    \"shipping_cost\": 100000,\n    \"shipping_method\": \"manual\",\n    \"origin_address\": \"Jl. Customer No. 1, Makassar\",\n    \"destination_address\": \"Jl. Tujuan No. 1, Jakarta\",\n    \"origin_city\": \"Makassar\",\n    \"destination_city\": \"Jakarta\"\n}"
						},
						"url": {
							"raw": "{{base_url}}/api/orders",
							"host": [
								"{{base_url}}"
							],
							"path": [
								"api",
								"orders"
							]
						}
					},
					"response": []
				},
				{
					"name": "Create Order - RajaOngkir Method",
					"event": [
						{
							"listen": "test",
							"script": {
								"exec": [
									"if (pm.response.code === 201) {",
									"    const response = pm.response.json();",
									"    if (response.data && response.data.id) {",
									"        pm.environment.set('rajaongkir_order_id', response.data.id);",
									"        pm.environment.set('rajaongkir_order_number', response.data.order_number);",
									"    }",
									"}"
								],
								"type": "text/javascript"
							}
						}
					],
					"request": {
						"method": "POST",
						"header": [
							{
								"key": "Authorization",
								"value": "Bearer {{customer_token}}",
								"type": "text"
							},
							{
								"key": "Content-Type",
								"value": "application/json",
								"type": "text"
							},
							{
								"key": "Accept",
								"value": "application/json",
								"type": "text"
							}
						],
						"body": {
							"mode": "raw",
							"raw": "{\n    \"item_description\": \"Smartphone iPhone 15 Pro\",\n    \"item_weight\": 0.5,\n    \"item_price\": 25000000,\n    \"service_fee\": 75000,\n    \"shipping_cost\": 150000,\n    \"shipping_method\": \"rajaongkir\",\n    \"origin_address\": \"Jl. Customer No. 1, Makassar\",\n    \"destination_address\": \"Jl. Tujuan No. 1, Manokwari\",\n    \"origin_city\": \"Makassar\",\n    \"destination_city\": \"Manokwari\",\n    \"courier_service\": \"jne\"\n}"
						},
						"url": {
							"raw": "{{base_url}}/api/orders",
							"host": [
								"{{base_url}}"
							],
							"path": [
								"api",
								"orders"
							]
						}
					},
					"response": []
				},
				{
					"name": "Get Customer Orders",
					"request": {
						"method": "GET",
						"header": [
							{
								"key": "Authorization",
								"value": "Bearer {{customer_token}}",
								"type": "text"
							},
							{
								"key": "Accept",
								"value": "application/json",
								"type": "text"
							}
						],
						"url": {
							"raw": "{{base_url}}/api/orders",
							"host": [
								"{{base_url}}"
							],
							"path": [
								"api",
								"orders"
							]
						}
					},
					"response": []
				},
				{
					"name": "Get Order Details - Manual",
					"request": {
						"method": "GET",
						"header": [
							{
								"key": "Authorization",
								"value": "Bearer {{customer_token}}",
								"type": "text"
							},
							{
								"key": "Accept",
								"value": "application/json",
								"type": "text"
							}
						],
						"url": {
							"raw": "{{base_url}}/api/orders/{{manual_order_id}}",
							"host": [
								"{{base_url}}"
							],
							"path": [
								"api",
								"orders",
								"{{manual_order_id}}"
							]
						}
					},
					"response": []
				},
				{
					"name": "Get Order Details - RajaOngkir",
					"request": {
						"method": "GET",
						"header": [
							{
								"key": "Authorization",
								"value": "Bearer {{customer_token}}",
								"type": "text"
							},
							{
								"key": "Accept",
								"value": "application/json",
								"type": "text"
							}
						],
						"url": {
							"raw": "{{base_url}}/api/orders/{{rajaongkir_order_id}}",
							"host": [
								"{{base_url}}"
							],
							"path": [
								"api",
								"orders",
								"{{rajaongkir_order_id}}"
							]
						}
					},
					"response": []
				}
			]
		},
		{
			"name": "4. Admin Operations",
			"item": [
				{
					"name": "Get All Orders (Admin)",
					"request": {
						"method": "GET",
						"header": [
							{
								"key": "Authorization",
								"value": "Bearer {{admin_token}}",
								"type": "text"
							},
							{
								"key": "Accept",
								"value": "application/json",
								"type": "text"
							}
						],
						"url": {
							"raw": "{{base_url}}/api/orders",
							"host": [
								"{{base_url}}"
							],
							"path": [
								"api",
								"orders"
							]
						}
					},
					"response": []
				},
				{
					"name": "Confirm Order - Manual",
					"request": {
						"method": "POST",
						"header": [
							{
								"key": "Authorization",
								"value": "Bearer {{admin_token}}",
								"type": "text"
							},
							{
								"key": "Content-Type",
								"value": "application/json",
								"type": "text"
							},
							{
								"key": "Accept",
								"value": "application/json",
								"type": "text"
							}
						],
						"body": {
							"mode": "raw",
							"raw": "{\n    \"shipping_cost\": 120000\n}"
						},
						"url": {
							"raw": "{{base_url}}/api/orders/{{manual_order_id}}/confirm",
							"host": [
								"{{base_url}}"
							],
							"path": [
								"api",
								"orders",
								"{{manual_order_id}}",
								"confirm"
							]
						}
					},
					"response": []
				},
				{
					"name": "Confirm Order - RajaOngkir",
					"request": {
						"method": "POST",
						"header": [
							{
								"key": "Authorization",
								"value": "Bearer {{admin_token}}",
								"type": "text"
							},
							{
								"key": "Content-Type",
								"value": "application/json",
								"type": "text"
							},
							{
								"key": "Accept",
								"value": "application/json",
								"type": "text"
							}
						],
						"body": {
							"mode": "raw",
							"raw": "{\n    \"tracking_number\": \"JNE1234567890\",\n    \"courier_service\": \"jne\",\n    \"estimated_delivery\": \"2024-01-15 14:00:00\"\n}"
						},
						"url": {
							"raw": "{{base_url}}/api/orders/{{rajaongkir_order_id}}/confirm",
							"host": [
								"{{base_url}}"
							],
							"path": [
								"api",
								"orders",
								"{{rajaongkir_order_id}}",
								"confirm"
							]
						}
					},
					"response": []
				},
				{
					"name": "Assign Courier to Order",
					"request": {
						"method": "POST",
						"header": [
							{
								"key": "Authorization",
								"value": "Bearer {{admin_token}}",
								"type": "text"
							},
							{
								"key": "Content-Type",
								"value": "application/json",
								"type": "text"
							},
							{
								"key": "Accept",
								"value": "application/json",
								"type": "text"
							}
						],
						"body": {
							"mode": "raw",
							"raw": "{\n    \"courier_id\": \"{{courier_id}}\"\n}"
						},
						"url": {
							"raw": "{{base_url}}/api/orders/{{manual_order_id}}/assign-courier",
							"host": [
								"{{base_url}}"
							],
							"path": [
								"api",
								"orders",
								"{{manual_order_id}}",
								"assign-courier"
							]
						}
					},
					"response": []
				}
			]
		},
		{
			"name": "5. Courier Operations",
			"item": [
				{
					"name": "Get Courier Orders",
					"request": {
						"method": "GET",
						"header": [
							{
								"key": "Authorization",
								"value": "Bearer {{courier_token}}",
								"type": "text"
							},
							{
								"key": "Accept",
								"value": "application/json",
								"type": "text"
							}
						],
						"url": {
							"raw": "{{base_url}}/api/orders",
							"host": [
								"{{base_url}}"
							],
							"path": [
								"api",
								"orders"
							]
						}
					},
					"response": []
				},
				{
					"name": "Update Order Status - Picked Up",
					"request": {
						"method": "PUT",
						"header": [
							{
								"key": "Authorization",
								"value": "Bearer {{courier_token}}",
								"type": "text"
							},
							{
								"key": "Content-Type",
								"value": "application/json",
								"type": "text"
							},
							{
								"key": "Accept",
								"value": "application/json",
								"type": "text"
							}
						],
						"body": {
							"mode": "raw",
							"raw": "{\n    \"status\": \"picked_up\",\n    \"notes\": \"Barang sudah diambil dari customer\"\n}"
						},
						"url": {
							"raw": "{{base_url}}/api/orders/{{manual_order_id}}/status",
							"host": [
								"{{base_url}}"
							],
							"path": [
								"api",
								"orders",
								"{{manual_order_id}}",
								"status"
							]
						}
					},
					"response": []
				},
				{
					"name": "Update Order Status - In Transit",
					"request": {
						"method": "PUT",
						"header": [
							{
								"key": "Authorization",
								"value": "Bearer {{courier_token}}",
								"type": "text"
							},
							{
								"key": "Content-Type",
								"value": "application/json",
								"type": "text"
							},
							{
								"key": "Accept",
								"value": "application/json",
								"type": "text"
							}
						],
						"body": {
							"mode": "raw",
							"raw": "{\n    \"status\": \"in_transit\",\n    \"notes\": \"Barang sedang dalam perjalanan\"\n}"
						},
						"url": {
							"raw": "{{base_url}}/api/orders/{{manual_order_id}}/status",
							"host": [
								"{{base_url}}"
							],
							"path": [
								"api",
								"orders",
								"{{manual_order_id}}",
								"status"
							]
						}
					},
					"response": []
				},
				{
					"name": "Update Order Status - Delivered",
					"request": {
						"method": "PUT",
						"header": [
							{
								"key": "Authorization",
								"value": "Bearer {{courier_token}}",
								"type": "text"
							},
							{
								"key": "Content-Type",
								"value": "application/json",
								"type": "text"
							},
							{
								"key": "Accept",
								"value": "application/json",
								"type": "text"
							}
						],
						"body": {
							"mode": "raw",
							"raw": "{\n    \"status\": \"delivered\",\n    \"notes\": \"Barang sudah diterima oleh penerima\"\n}"
						},
						"url": {
							"raw": "{{base_url}}/api/orders/{{manual_order_id}}/status",
							"host": [
								"{{base_url}}"
							],
							"path": [
								"api",
								"orders",
								"{{manual_order_id}}",
								"status"
							]
						}
					},
					"response": []
				}
			]
		},
		{
			"name": "6. Order Tracking",
			"item": [
				{
					"name": "Track Order - Manual Method",
					"request": {
						"method": "POST",
						"header": [
							{
								"key": "Authorization",
								"value": "Bearer {{customer_token}}",
								"type": "text"
							},
							{
								"key": "Accept",
								"value": "application/json",
								"type": "text"
							}
						],
						"url": {
							"raw": "{{base_url}}/api/orders/{{manual_order_id}}/track",
							"host": [
								"{{base_url}}"
							],
							"path": [
								"api",
								"orders",
								"{{manual_order_id}}",
								"track"
							]
						}
					},
					"response": []
				},
				{
					"name": "Track Order - RajaOngkir Method",
					"request": {
						"method": "POST",
						"header": [
							{
								"key": "Authorization",
								"value": "Bearer {{customer_token}}",
								"type": "text"
							},
							{
								"key": "Accept",
								"value": "application/json",
								"type": "text"
							}
						],
						"url": {
							"raw": "{{base_url}}/api/orders/{{rajaongkir_order_id}}/track",
							"host": [
								"{{base_url}}"
							],
							"path": [
								"api",
								"orders",
								"{{rajaongkir_order_id}}",
								"track"
							]
						}
					},
					"response": []
				}
			]
		},
		{
			"name": "7. Complaint Management",
			"item": [
				{
					"name": "Create Complaint - Customer",
					"event": [
						{
							"listen": "test",
							"script": {
								"exec": [
									"if (pm.response.code === 201) {",
									"    const response = pm.response.json();",
									"    if (response.data && response.data.id) {",
									"        pm.environment.set('complaint_id', response.data.id);",
									"    }",
									"}"
								],
								"type": "text/javascript"
							}
						}
					],
					"request": {
						"method": "POST",
						"header": [
							{
								"key": "Authorization",
								"value": "Bearer {{customer_token}}",
								"type": "text"
							},
							{
								"key": "Content-Type",
								"value": "application/json",
								"type": "text"
							},
							{
								"key": "Accept",
								"value": "application/json",
								"type": "text"
							}
						],
						"body": {
							"mode": "raw",
							"raw": "{\n    \"title\": \"Barang terlambat diterima\",\n    \"description\": \"Barang yang dipesan sudah 3 hari belum diterima\",\n    \"type\": \"delivery\",\n    \"priority\": \"high\",\n    \"order_id\": \"{{manual_order_id}}\"\n}"
						},
						"url": {
							"raw": "{{base_url}}/api/complaints",
							"host": [
								"{{base_url}}"
							],
							"path": [
								"api",
								"complaints"
							]
						}
					},
					"response": []
				},
				{
					"name": "Get Customer Complaints",
					"request": {
						"method": "GET",
						"header": [
							{
								"key": "Authorization",
								"value": "Bearer {{customer_token}}",
								"type": "text"
							},
							{
								"key": "Accept",
								"value": "application/json",
								"type": "text"
							}
						],
						"url": {
							"raw": "{{base_url}}/api/complaints",
							"host": [
								"{{base_url}}"
							],
							"path": [
								"api",
								"complaints"
							]
						}
					},
					"response": []
				},
				{
					"name": "Get All Complaints (Admin)",
					"request": {
						"method": "GET",
						"header": [
							{
								"key": "Authorization",
								"value": "Bearer {{admin_token}}",
								"type": "text"
							},
							{
								"key": "Accept",
								"value": "application/json",
								"type": "text"
							}
						],
						"url": {
							"raw": "{{base_url}}/api/complaints",
							"host": [
								"{{base_url}}"
							],
							"path": [
								"api",
								"complaints"
							]
						}
					},
					"response": []
				},
				{
					"name": "Assign Complaint (Admin)",
					"request": {
						"method": "POST",
						"header": [
							{
								"key": "Authorization",
								"value": "Bearer {{admin_token}}",
								"type": "text"
							},
							{
								"key": "Content-Type",
								"value": "application/json",
								"type": "text"
							},
							{
								"key": "Accept",
								"value": "application/json",
								"type": "text"
							}
						],
						"body": {
							"mode": "raw",
							"raw": "{\n    \"admin_id\": \"{{admin_id}}\"\n}"
						},
						"url": {
							"raw": "{{base_url}}/api/complaints/{{complaint_id}}/assign",
							"host": [
								"{{base_url}}"
							],
							"path": [
								"api",
								"complaints",
								"{{complaint_id}}",
								"assign"
							]
						}
					},
					"response": []
				},
				{
					"name": "Resolve Complaint (Admin)",
					"request": {
						"method": "POST",
						"header": [
							{
								"key": "Authorization",
								"value": "Bearer {{admin_token}}",
								"type": "text"
							},
							{
								"key": "Content-Type",
								"value": "application/json",
								"type": "text"
							},
							{
								"key": "Accept",
								"value": "application/json",
								"type": "text"
							}
						],
						"body": {
							"mode": "raw",
							"raw": "{\n    \"resolution\": \"Barang sudah dikirim ulang dengan kurir yang berbeda\"\n}"
						},
						"url": {
							"raw": "{{base_url}}/api/complaints/{{complaint_id}}/resolve",
							"host": [
								"{{base_url}}"
							],
							"path": [
								"api",
								"complaints",
								"{{complaint_id}}",
								"resolve"
							]
						}
					},
					"response": []
				},
				{
					"name": "Get Complaint Statistics (Admin)",
					"request": {
						"method": "GET",
						"header": [
							{
								"key": "Authorization",
								"value": "Bearer {{admin_token}}",
								"type": "text"
							},
							{
								"key": "Accept",
								"value": "application/json",
								"type": "text"
							}
						],
						"url": {
							"raw": "{{base_url}}/api/complaints/statistics",
							"host": [
								"{{base_url}}"
							],
							"path": [
								"api",
								"complaints",
								"statistics"
							]
						}
					},
					"response": []
				}
			]
		},
		{
			"name": "8. User Profile",
			"item": [
				{
					"name": "Get Profile",
					"request": {
						"method": "GET",
						"header": [
							{
								"key": "Authorization",
								"value": "Bearer {{customer_token}}",
								"type": "text"
							},
							{
								"key": "Accept",
								"value": "application/json",
								"type": "text"
							}
						],
						"url": {
							"raw": "{{base_url}}/api/profile",
							"host": [
								"{{base_url}}"
							],
							"path": [
								"api",
								"profile"
							]
						}
					},
					"response": []
				},
				{
					"name": "Update Profile",
					"request": {
						"method": "PUT",
						"header": [
							{
								"key": "Authorization",
								"value": "Bearer {{customer_token}}",
								"type": "text"
							},
							{
								"key": "Content-Type",
								"value": "application/json",
								"type": "text"
							},
							{
								"key": "Accept",
								"value": "application/json",
								"type": "text"
							}
						],
						"body": {
							"mode": "raw",
							"raw": "{\n    \"name\": \"John Customer Updated\",\n    \"phone\": \"081234567891\",\n    \"address\": \"Jl. Customer Updated No. 2, Makassar\"\n}"
						},
						"url": {
							"raw": "{{base_url}}/api/profile",
							"host": [
								"{{base_url}}"
							],
							"path": [
								"api",
								"profile"
							]
						}
					},
					"response": []
				},
				{
					"name": "Logout",
					"request": {
						"method": "POST",
						"header": [
							{
								"key": "Authorization",
								"value": "Bearer {{customer_token}}",
								"type": "text"
							},
							{
								"key": "Accept",
								"value": "application/json",
								"type": "text"
							}
						],
						"url": {
							"raw": "{{base_url}}/api/logout",
							"host": [
								"{{base_url}}"
							],
							"path": [
								"api",
								"logout"
							]
						}
					},
					"response": []
				}
			]
		}
	],
	"event": [
		{
			"listen": "prerequest",
			"script": {
				"type": "text/javascript",
				"exec": [
					""
				]
			}
		},
		{
			"listen": "test",
			"script": {
				"type": "text/javascript",
				"exec": [
					""
				]
			}
		}
	],
	"variable": [
		{
			"key": "base_url",
			"value": "http://localhost:8000",
			"type": "string"
		}
	]
}
